{
  "id": "mod pack 2",
  "jar": "1.12.2",
  "inheritsFrom": "1.12.2",
  "time": "2019-09-10T08:22:54+07:00",
  "releaseTime": "1960-01-01T14:00:00+07:00",
  "type": "release",
  "minecraftArguments": "--username ${auth_player_name} --version ${version_name} --gameDir ${game_directory} --assetsDir ${assets_root} --assetIndex ${assets_index_name} --uuid ${auth_uuid} --accessToken ${auth_access_token} --userType ${user_type} --tweakClass net.minecraftforge.fml.common.launcher.FMLTweaker --versionType Forge",
  "mainClass": "net.minecraft.launchwrapper.Launch",
  "minimumLauncherVersion": 0,
  "tlauncherVersion": 0,
  "source": "local_version_repo",
  "skinVersion": true,
  "libraries": [
    {
      "url": "http://files.minecraftforge.net/maven/",
      "exact_url": "http://files.minecraftforge.net/maven/net/minecraftforge/forge/1.12.2-14.23.5.2847/forge-1.12.2-14.23.5.2847-universal.jar",
      "name": "net.minecraftforge:forge:1.12.2-14.23.5.2847"
    },
    {
      "name": "net.minecraft:launchwrapper:1.12"
    },
    {
      "url": "http://files.minecraftforge.net/maven/",
      "name": "org.ow2.asm:asm-all:5.2"
    },
    {
      "url": "http://files.minecraftforge.net/maven/",
      "name": "org.jline:jline:3.5.1"
    },
    {
      "name": "net.java.dev.jna:jna:4.4.0"
    },
    {
      "url": "http://files.minecraftforge.net/maven/",
      "packed": "forge",
      "name": "com.typesafe.akka:akka-actor_2.11:2.3.3"
    },
    {
      "url": "http://files.minecraftforge.net/maven/",
      "packed": "forge",
      "name": "com.typesafe:config:1.2.1"
    },
    {
      "url": "http://files.minecraftforge.net/maven/",
      "name": "org.scala-lang:scala-actors-migration_2.11:1.1.0"
    },
    {
      "url": "http://files.minecraftforge.net/maven/",
      "name": "org.scala-lang:scala-compiler:2.11.1"
    },
    {
      "url": "http://files.minecraftforge.net/maven/",
      "name": "org.scala-lang.plugins:scala-continuations-library_2.11:1.0.2"
    },
    {
      "url": "http://files.minecraftforge.net/maven/",
      "name": "org.scala-lang.plugins:scala-continuations-plugin_2.11.1:1.0.2"
    },
    {
      "url": "http://files.minecraftforge.net/maven/",
      "name": "org.scala-lang:scala-library:2.11.1"
    },
    {
      "url": "http://files.minecraftforge.net/maven/",
      "name": "org.scala-lang:scala-parser-combinators_2.11:1.0.1"
    },
    {
      "url": "http://files.minecraftforge.net/maven/",
      "name": "org.scala-lang:scala-reflect:2.11.1"
    },
    {
      "url": "http://files.minecraftforge.net/maven/",
      "name": "org.scala-lang:scala-swing_2.11:1.0.1"
    },
    {
      "url": "http://files.minecraftforge.net/maven/",
      "name": "org.scala-lang:scala-xml_2.11:1.0.2"
    },
    {
      "name": "lzma:lzma:0.0.1"
    },
    {
      "name": "net.sf.jopt-simple:jopt-simple:5.0.3"
    },
    {
      "name": "java3d:vecmath:1.5.2"
    },
    {
      "name": "net.sf.trove4j:trove4j:3.0.3"
    },
    {
      "url": "http://files.minecraftforge.net/maven/",
      "name": "org.apache.maven:maven-artifact:3.5.3"
    }
  ],
  "modpack": {
    "modpackMemory": false,
    "memory": 0,
    "id": -162539757798300,
    "name": "mod pack 2",
    "categories": [],
    "tags": [],
    "pictures": [],
    "version": {
      "mods": [
        {
          "stateGameElement": "active",
          "id": 10000020,
          "name": "TL skin and cape",
          "version": {
            "id": 11000372,
            "name": "1.4",
            "metadata": {
              "sha1": "d0483ac68cbeea22d6a2c46984c4cc7de4d3ce42",
              "size": 193898,
              "path": "mods/tlskincape1.12.2-1.4.jar",
              "url": "/mods/10000020/11000372/tlskincape1.12.2-1.4.jar"
            }
          },
          "userInstall": false,
          "populateStatus": false
        },
        {
          "stateGameElement": "active",
          "id": 9999999,
          "name": "OptiFine",
          "version": {
            "id": 11000400,
            "name": "1.12.2 HD U F6 pre1",
            "metadata": {
              "sha1": "23a8be042f354ec97c99672906c3e61fdf54ca2c",
              "size": 2599250,
              "path": "mods/preview_OptiFine_1.12.2_HD_U_F6_pre1.jar",
              "url": "/mods/9999999/11000400/preview_OptiFine_1.12.2_HD_U_F6_pre1.jar"
            }
          },
          "userInstall": false,
          "populateStatus": false
        },
        {
          "stateGameElement": "active",
          "id": 228756,
          "name": "Iron Chests",
          "version": {
            "id": 2747935,
            "name": "ironchest-1.12.2-7.0.72.847",
            "metadata": {
              "sha1": "adc4c785a484c5d5a4ab9a29e1937faeed4312dd",
              "size": 956692,
              "path": "mods/ironchest-1.12.2-7.0.72.847.jar",
              "url": "/mods/228756/2747935/ironchest-1.12.2-7.0.72.847.jar"
            }
          },
          "userInstall": false,
          "populateStatus": false
        },
        {
          "stateGameElement": "active",
          "id": 32274,
          "name": "JourneyMap",
          "version": {
            "id": 2916002,
            "name": "journeymap-1.12.2-5.7.1",
            "metadata": {
              "sha1": "3da4323f71bcadcf140002a9f49578f0cd5ce8a8",
              "size": 6990968,
              "path": "mods/journeymap-1.12.2-5.7.1.jar",
              "url": "/mods/32274/2916002/journeymap-1.12.2-5.7.1.jar"
            }
          },
          "userInstall": false,
          "populateStatus": false
        },
        {
          "stateGameElement": "active",
          "id": 10000021,
          "name": "EyeMod",
          "version": {
            "id": 11000293,
            "name": "1.12.2",
            "metadata": {
              "sha1": "ddc2fafe45535079fb7b2ee040db033122c323e7",
              "size": 646348,
              "path": "mods/EyeMod-Mod-1.12.2.jar",
              "url": "/mods/10000021/11000293/EyeMod-Mod-1.12.2.jar"
            }
          },
          "userInstall": false,
          "populateStatus": false
        },
        {
          "stateGameElement": "active",
          "id": 10000027,
          "name": "MrCrayfish\u0027s Device Mod",
          "version": {
            "id": 11000339,
            "name": "0.4.1",
            "metadata": {
              "sha1": "42419f1b8296fd142b00d2f5f582ea81d07d51d5",
              "size": 2733808,
              "path": "mods/device-mod-0.4.1-1.12.2.jar",
              "url": "/mods/10000027/11000339/device-mod-0.4.1-1.12.2.jar"
            }
          },
          "userInstall": false,
          "populateStatus": false
        },
        {
          "stateGameElement": "active",
          "id": 10000011,
          "name": "Galacticraft Planets",
          "version": {
            "id": 11000445,
            "name": "1.12.2-4.0.2.244",
            "metadata": {
              "sha1": "ccf3de2ff13436d296418db554c638a4047252a6",
              "size": 4099597,
              "path": "mods/Galacticraft-Planets-1.12.2-4.0.2.244.jar",
              "url": "/mods/10000011/11000445/Galacticraft-Planets-1.12.2-4.0.2.244.jar"
            }
          },
          "userInstall": false,
          "populateStatus": false
        },
        {
          "stateGameElement": "active",
          "id": 10000010,
          "name": "MicdoodleCore",
          "version": {
            "id": 11000446,
            "name": "1.12.2-4.0.2.244",
            "metadata": {
              "sha1": "65884d3dae346fcba245491390e8c887fe6c5567",
              "size": 53300,
              "path": "mods/MicdoodleCore-1.12.2-4.0.2.244.jar",
              "url": "/mods/10000010/11000446/MicdoodleCore-1.12.2-4.0.2.244.jar"
            }
          },
          "userInstall": false,
          "populateStatus": false
        },
        {
          "stateGameElement": "active",
          "id": 10000009,
          "name": "Galacticraft",
          "version": {
            "id": 11000443,
            "name": "1.12.2-4.0.2.244",
            "metadata": {
              "sha1": "edb08ed0110c1713b429bf1b0f1f66bd196a42b4",
              "size": 10455495,
              "path": "mods/GalacticraftCore-1.12.2-4.0.2.244.jar",
              "url": "/mods/10000009/11000443/GalacticraftCore-1.12.2-4.0.2.244.jar"
            }
          },
          "userInstall": false,
          "populateStatus": false,
          "dependencies": [
            {
              "gameType": "mod",
              "id": 10000011,
              "dependencyType": "required"
            },
            {
              "gameType": "mod",
              "id": 10000010,
              "dependencyType": "required"
            }
          ]
        },
        {
          "stateGameElement": "active",
          "id": 303101,
          "name": "AsmodeusCore",
          "version": {
            "id": 2941602,
            "name": "1.12.2-0.0.14",
            "metadata": {
              "sha1": "ea8bdccefb4a5478fb358d23895064f7a11a657b",
              "size": 3879282,
              "path": "mods/AsmodeusCore-1.12.2-0.0.14.jar",
              "url": "/mods/303101/2941602/AsmodeusCore-1.12.2-0.0.14.jar"
            }
          },
          "userInstall": false,
          "populateStatus": false
        },
        {
          "stateGameElement": "active",
          "id": 227083,
          "name": "Baubles",
          "version": {
            "id": 2518667,
            "name": "1.12-1.5.2",
            "metadata": {
              "sha1": "cb13fcfb18a9cb0cbd825fd5fe8d813c77368549",
              "size": 108450,
              "path": "mods/Baubles-1.12-1.5.2.jar",
              "url": "/mods/227083/2518667/Baubles-1.12-1.5.2.jar"
            }
          },
          "userInstall": false,
          "populateStatus": false
        },
        {
          "stateGameElement": "active",
          "id": 223628,
          "name": "Thaumcraft",
          "version": {
            "id": 2629023,
            "name": "1.12.2-6.1.BETA26",
            "metadata": {
              "sha1": "fe0899048f1796df04e9727bbf1898df30492a00",
              "size": 11360786,
              "path": "mods/Thaumcraft-1.12.2-6.1.BETA26.jar",
              "url": "/mods/223628/2629023/Thaumcraft-1.12.2-6.1.BETA26.jar"
            }
          },
          "userInstall": false,
          "populateStatus": false,
          "dependencies": [
            {
              "gameType": "mod",
              "id": 227083,
              "dependencyType": "required"
            }
          ]
        },
        {
          "stateGameElement": "active",
          "id": 231095,
          "name": "Chisels \u0026 Bits",
          "version": {
            "id": 2720655,
            "name": "chiselsandbits-14.33",
            "metadata": {
              "sha1": "0e6f159254e6899651087e5b1464bac91698d1d3",
              "size": 737407,
              "path": "mods/chiselsandbits-14.33.jar",
              "url": "/mods/231095/2720655/chiselsandbits-14.33.jar"
            }
          },
          "userInstall": false,
          "populateStatus": false,
          "dependencies": [
            {
              "gameType": "mod",
              "id": 239431,
              "dependencyType": "optional"
            },
            {
              "gameType": "mod",
              "id": 238222,
              "dependencyType": "optional"
            }
          ]
        },
        {
          "stateGameElement": "active",
          "id": 229060,
          "name": "iChunUtil",
          "version": {
            "id": 2801262,
            "name": "1.12.2-7.2.2",
            "metadata": {
              "sha1": "2b53b0f9543c98adb0b89caa4da954a477259367",
              "size": 581963,
              "path": "mods/iChunUtil-1.12.2-7.2.2.jar",
              "url": "/mods/229060/2801262/iChunUtil-1.12.2-7.2.2.jar"
            }
          },
          "userInstall": false,
          "populateStatus": false
        },
        {
          "stateGameElement": "active",
          "id": 229084,
          "name": "Portal Gun",
          "version": {
            "id": 2684033,
            "name": "1.12.2-7.1.0",
            "metadata": {
              "sha1": "2796a6f3723be6fddfdc547a59cc4420a34d823d",
              "size": 1717073,
              "path": "mods/PortalGun-1.12.2-7.1.0.jar",
              "url": "/mods/229084/2684033/PortalGun-1.12.2-7.1.0.jar"
            }
          },
          "userInstall": false,
          "populateStatus": false,
          "dependencies": [
            {
              "gameType": "mod",
              "id": 229060,
              "dependencyType": "required"
            }
          ]
        },
        {
          "stateGameElement": "active",
          "id": 229072,
          "name": "Gravity Gun",
          "version": {
            "id": 2801274,
            "name": "1.12.2-7.1.0",
            "metadata": {
              "sha1": "2bf4c3f8c7d67bf0dee9ee6d64349d2d6191218c",
              "size": 937797,
              "path": "mods/GravityGun-1.12.2-7.1.0.jar",
              "url": "/mods/229072/2801274/GravityGun-1.12.2-7.1.0.jar"
            }
          },
          "userInstall": false,
          "populateStatus": false,
          "dependencies": [
            {
              "gameType": "mod",
              "id": 229060,
              "dependencyType": "required"
            }
          ]
        },
        {
          "stateGameElement": "active",
          "id": 10000004,
          "name": "DivineRPG",
          "version": {
            "id": 11000471,
            "name": "1.12.2",
            "metadata": {
              "sha1": "597bff6e47068d179ab33c1418c84d568dbdb417",
              "size": 19556858,
              "path": "mods/DivineRPG_1.12.2_1.5.1.jar",
              "url": "/mods/10000004/11000471/DivineRPG1.12.21.5.1.jar"
            }
          },
          "userInstall": false,
          "populateStatus": false
        },
        {
          "stateGameElement": "active",
          "id": 245506,
          "name": "Minecolonies",
          "version": {
            "id": 2932783,
            "name": "minecolonies-1.12.2-0.11.841-ALPHA-universal",
            "metadata": {
              "sha1": "89d0e17fc1318792583e33cc2b6c0ecbc91dc3ad",
              "size": 34929750,
              "path": "mods/minecolonies-1.12.2-0.11.841-ALPHA-universal.jar",
              "url": "/mods/245506/2932783/minecolonies-1.12.2-0.11.841-ALPHA-universal.jar"
            }
          },
          "userInstall": false,
          "populateStatus": false
        },
        {
          "stateGameElement": "active",
          "id": 225608,
          "name": "WorldEdit",
          "version": {
            "id": 2655056,
            "name": "6.1.10 (For MC 1.12",
            "metadata": {
              "sha1": "057b9b4d63e223a0f754b556fd3a56aaa87a1489",
              "size": 1479104,
              "path": "mods/worldedit-forge-mc1.12.2-6.1.10-SNAPSHOT-dist.jar",
              "url": "/mods/225608/2655056/worldedit-forge-mc1.12.2-6.1.10-SNAPSHOT-dist.jar"
            }
          },
          "userInstall": false,
          "populateStatus": false
        },
        {
          "stateGameElement": "active",
          "id": 230651,
          "name": "Lucraft Core",
          "version": {
            "id": 2841048,
            "name": "1.12.2-2.4.9",
            "metadata": {
              "sha1": "145945cd79ff1363410aa5ec240caa1203828baf",
              "size": 1393079,
              "path": "mods/LucraftCore-1.12.2-2.4.9.jar",
              "url": "/mods/230651/2841048/LucraftCore-1.12.2-2.4.9.jar"
            }
          },
          "userInstall": false,
          "populateStatus": false,
          "dependencies": [
            {
              "gameType": "mod",
              "id": 74072,
              "dependencyType": "optional"
            },
            {
              "gameType": "mod",
              "id": 231951,
              "dependencyType": "optional"
            },
            {
              "gameType": "mod",
              "id": 270789,
              "dependencyType": "optional"
            },
            {
              "gameType": "mod",
              "id": 69163,
              "dependencyType": "optional"
            },
            {
              "gameType": "mod",
              "id": 238222,
              "dependencyType": "optional"
            }
          ]
        },
        {
          "stateGameElement": "active",
          "id": 252318,
          "name": "Speedster Heroes",
          "version": {
            "id": 2743644,
            "name": "1.12.2-2.1.4",
            "metadata": {
              "sha1": "23f1ba59714f2e39f93b6e0a30131000fea5de33",
              "size": 915277,
              "path": "mods/SpeedsterHeroes-1.12.2-2.1.4.jar",
              "url": "/mods/252318/2743644/SpeedsterHeroes-1.12.2-2.1.4.jar"
            }
          },
          "userInstall": false,
          "populateStatus": false,
          "dependencies": [
            {
              "gameType": "mod",
              "id": 230651,
              "dependencyType": "required"
            }
          ]
        },
        {
          "stateGameElement": "active",
          "id": 299922,
          "name": "TypicalHeroes",
          "version": {
            "id": 2732490,
            "name": "1.0",
            "metadata": {
              "sha1": "aa700ced2bbf5a9bbffd7a21c90d29dfc4214d14",
              "size": 5311998,
              "path": "mods/TypicalHeroes-1.0.2.jar",
              "url": "/mods/299922/2732490/TypicalHeroes-1.0.2.jar"
            }
          },
          "userInstall": false,
          "populateStatus": false
        },
        {
          "stateGameElement": "active",
          "id": 316946,
          "name": "PymTech",
          "version": {
            "id": 2706385,
            "name": "1.12.2-1.0.2",
            "metadata": {
              "sha1": "475e797fed9543be486f1a4590dc3dd47f7d169f",
              "size": 2218393,
              "path": "mods/PymTech-1.12.2-1.0.2.jar",
              "url": "/mods/316946/2706385/PymTech-1.12.2-1.0.2.jar"
            }
          },
          "userInstall": false,
          "populateStatus": false,
          "dependencies": [
            {
              "gameType": "mod",
              "id": 230651,
              "dependencyType": "required"
            }
          ]
        },
        {
          "stateGameElement": "active",
          "id": 223008,
          "name": "OpenComputers",
          "version": {
            "id": 2828357,
            "name": "MC1.12.2-1.7.5.192",
            "metadata": {
              "sha1": "8eff5dc6b00a50b13ad6f3e6a838049bbf8306f8",
              "size": 15643758,
              "path": "mods/OpenComputers-MC1.12.2-1.7.5.192.jar",
              "url": "/mods/223008/2828357/OpenComputers-MC1.12.2-1.7.5.192.jar"
            }
          },
          "userInstall": false,
          "populateStatus": false
        },
        {
          "stateGameElement": "active",
          "id": 223794,
          "name": "Applied Energistics 2",
          "version": {
            "id": 2747063,
            "name": "appliedenergistics2-rv6-stable-7",
            "metadata": {
              "sha1": "e5c3c11eafc5daf73652a2dabe855e3759caa8b5",
              "size": 4062630,
              "path": "mods/appliedenergistics2-rv6-stable-7.jar",
              "url": "/mods/223794/2747063/appliedenergistics2-rv6-stable-7.jar"
            }
          },
          "userInstall": false,
          "populateStatus": false
        },
        {
          "stateGameElement": "active",
          "id": 306770,
          "name": "Patchouli",
          "version": {
            "id": 2731963,
            "name": "1.0-20",
            "metadata": {
              "sha1": "9804876a655365926757eda750189cd97b5bad69",
              "size": 466243,
              "path": "mods/Patchouli-1.0-20.jar",
              "url": "/mods/306770/2731963/Patchouli-1.0-20.jar"
            }
          },
          "userInstall": false,
          "populateStatus": false
        },
        {
          "stateGameElement": "active",
          "id": 225643,
          "name": "Botania",
          "version": {
            "id": 2846950,
            "name": "r1.10-363",
            "metadata": {
              "sha1": "54b0b10d5a01a17dba2b50d2104f2ff970c98f84",
              "size": 13814617,
              "path": "mods/Botania+r1.10-363.jar",
              "url": "/mods/225643/2846950/Botania+r1.10-363.jar"
            }
          },
          "userInstall": false,
          "populateStatus": false,
          "dependencies": [
            {
              "gameType": "mod",
              "id": 309927,
              "dependencyType": "required"
            },
            {
              "gameType": "mod",
              "id": 243121,
              "dependencyType": "optional"
            },
            {
              "gameType": "mod",
              "id": 306770,
              "dependencyType": "required"
            },
            {
              "gameType": "mod",
              "id": 238222,
              "dependencyType": "optional"
            }
          ]
        },
        {
          "stateGameElement": "active",
          "id": 59751,
          "name": "Forestry",
          "version": {
            "id": 2918418,
            "name": "forestry_1.12.2-5.8.2.422",
            "metadata": {
              "sha1": "4adb1cf433f57191680c6dbc944f90999a29e05a",
              "size": 5298295,
              "path": "mods/forestry_1.12.2-5.8.2.422.jar",
              "url": "/mods/59751/2918418/forestry_1.12.2-5.8.2.422.jar"
            }
          },
          "userInstall": false,
          "populateStatus": false
        },
        {
          "stateGameElement": "active",
          "id": 242638,
          "name": "Industrial Craft",
          "version": {
            "id": 2924320,
            "name": "industrialcraft-2-2.8.197-ex112",
            "metadata": {
              "sha1": "75e12addc941fdf74c51d4a67f5dbf937a863b90",
              "size": 8524304,
              "path": "mods/industrialcraft-2-2.8.197-ex112.jar",
              "url": "/mods/242638/2924320/industrialcraft-2-2.8.197-ex112.jar"
            }
          },
          "userInstall": false,
          "populateStatus": false
        },
        {
          "stateGameElement": "active",
          "id": 299086,
          "name": "ExtraBotany",
          "version": {
            "id": 2886529,
            "name": "r1.1-58r",
            "metadata": {
              "sha1": "4eb4fa06141f52c68b099f2faf80075f2a48602c",
              "size": 2656953,
              "path": "mods/ExtraBotany-r1.1-58r.jar",
              "url": "/mods/299086/2886529/ExtraBotany-r1.1-58r.jar"
            }
          },
          "userInstall": false,
          "populateStatus": false,
          "dependencies": [
            {
              "gameType": "mod",
              "id": 225643,
              "dependencyType": "required"
            },
            {
              "gameType": "mod",
              "id": 270789,
              "dependencyType": "optional"
            },
            {
              "gameType": "mod",
              "id": 239197,
              "dependencyType": "optional"
            },
            {
              "gameType": "mod",
              "id": 253449,
              "dependencyType": "optional"
            },
            {
              "gameType": "mod",
              "id": 223628,
              "dependencyType": "optional"
            },
            {
              "gameType": "mod",
              "id": 245211,
              "dependencyType": "optional"
            },
            {
              "gameType": "mod",
              "id": 253211,
              "dependencyType": "optional"
            },
            {
              "gameType": "mod",
              "id": 74072,
              "dependencyType": "optional"
            },
            {
              "gameType": "mod",
              "id": 227083,
              "dependencyType": "optional"
            }
          ]
        },
        {
          "stateGameElement": "active",
          "id": 238222,
          "name": "Just Enough Items (JEI)",
          "version": {
            "id": 2847112,
            "name": "jei_1.12.2-4.15.0.293",
            "metadata": {
              "sha1": "a9571911167b5081df25d8b19ef9ded519045957",
              "size": 653044,
              "path": "mods/jei_1.12.2-4.15.0.293.jar",
              "url": "/mods/238222/2847112/jei_1.12.2-4.15.0.293.jar"
            }
          },
          "userInstall": false,
          "populateStatus": false
        },
        {
          "stateGameElement": "active",
          "id": -178359233913400,
          "name": "MathParser.org-mXparser-4.0.0",
          "version": {
            "id": -178359259735300,
            "name": "1.0",
            "metadata": {
              "sha1": "8e3601497d3904daad2b003349af4e59e63d8272",
              "size": 248324,
              "path": "mods/1.12.2/MathParser.org-mXparser-4.0.0.jar",
              "url": "mods/1.12.2/MathParser.org-mXparser-4.0.0.jar"
            }
          },
          "userInstall": true,
          "populateStatus": false
        },
        {
          "stateGameElement": "active",
          "id": -178359259841900,
          "name": "structurize-1.12.2-0.10.277-RELEASE",
          "version": {
            "id": -178359335939200,
            "name": "1.0",
            "metadata": {
              "sha1": "045d25947539dbb830987ec658c10e0d111c74f3",
              "size": 1133312,
              "path": "mods/memory_repo/com/ldtteam/structurize/1.12.2-0.10.277-RELEASE/structurize-1.12.2-0.10.277-RELEASE.jar",
              "url": "mods/memory_repo/com/ldtteam/structurize/1.12.2-0.10.277-RELEASE/structurize-1.12.2-0.10.277-RELEASE.jar"
            }
          },
          "userInstall": true,
          "populateStatus": false
        }
      ],
      "resourcePacks": [],
      "maps": [],
      "forgeVersion": "14.23.5.2847",
      "gameVersion": "1.12.2",
      "id": -162539757810901,
      "name": "1.0"
    },
    "versions": [],
    "userInstall": false,
    "populateStatus": false
  }
}